"1005002314941771","Black","https://ae01.alicdn.com/kf/H527465339f7a4080b2e1443f48dbd09c1/9-Colors-Solid-Bikini-2021-Women-Swimsuit-Push-Up-Swimwear-Low-Waist-Summer-Biquini-Halter-Two.jpg_640x640.jpg"
"1005002314941771","Red","https://ae01.alicdn.com/kf/Hdfb44c6d7db343a2a748fb514f49a26eK/9-Colors-Solid-Bikini-2021-Women-Swimsuit-Push-Up-Swimwear-Low-Waist-Summer-Biquini-Halter-Two.jpg_640x640.jpg"
"1005002314941771","Wine Red","https://ae01.alicdn.com/kf/H6bed4a25307f45a2800e784086f7db38V/9-Colors-Solid-Bikini-2021-Women-Swimsuit-Push-Up-Swimwear-Low-Waist-Summer-Biquini-Halter-Two.jpg_640x640.jpg"
"1005002314941771","Pink","https://ae01.alicdn.com/kf/Hf3662166902943818e8a0938966d1e31D/9-Colors-Solid-Bikini-2021-Women-Swimsuit-Push-Up-Swimwear-Low-Waist-Summer-Biquini-Halter-Two.jpg_640x640.jpg"
"1005002314941771","Grey","https://ae01.alicdn.com/kf/H01865d73a0d04118ad2c672de1ca3029H/9-Colors-Solid-Bikini-2021-Women-Swimsuit-Push-Up-Swimwear-Low-Waist-Summer-Biquini-Halter-Two.jpg_640x640.jpg"
"1005002314941771","Yellow","https://ae01.alicdn.com/kf/H27b68f1b869c4eacb08bce78aca6c094p/9-Colors-Solid-Bikini-2021-Women-Swimsuit-Push-Up-Swimwear-Low-Waist-Summer-Biquini-Halter-Two.jpg_640x640.jpg"
"1005002314941771","White","https://ae01.alicdn.com/kf/Hd5794742b83146ba9087ced660b32eaez/9-Colors-Solid-Bikini-2021-Women-Swimsuit-Push-Up-Swimwear-Low-Waist-Summer-Biquini-Halter-Two.jpg_640x640.jpg"
"1005002314941771","Orange","https://ae01.alicdn.com/kf/Hb5f03dac17094279999d324b9916ecbcr/9-Colors-Solid-Bikini-2021-Women-Swimsuit-Push-Up-Swimwear-Low-Waist-Summer-Biquini-Halter-Two.jpg_640x640.jpg"
"1005002314941771","Dark Green","https://ae01.alicdn.com/kf/H799a73508e1042079840d3db0cf1e4b70/9-Colors-Solid-Bikini-2021-Women-Swimsuit-Push-Up-Swimwear-Low-Waist-Summer-Biquini-Halter-Two.jpg_640x640.jpg"
"1005002327027615","Blue Yellow","https://ae01.alicdn.com/kf/H0fd39f2cb5ed4a2b9427b71b39cdfd48n/2021-Bikinis-Set-For-Women-Swimsuit-Summer-Beach-Wear-Brazilian-Biquinis-Female-Bathing-Suits-2021-Sexy.jpg_640x640.jpg"
"1005002327027615","Rose Red Purple","https://ae01.alicdn.com/kf/H8d38069293264cb480f96107956dee81V/2021-Bikinis-Set-For-Women-Swimsuit-Summer-Beach-Wear-Brazilian-Biquinis-Female-Bathing-Suits-2021-Sexy.jpg_640x640.jpg"
"1005002327027615","Orange Yellow","https://ae01.alicdn.com/kf/Hb6c12ba1652a4c5a811fabe9107d58a6s/2021-Bikinis-Set-For-Women-Swimsuit-Summer-Beach-Wear-Brazilian-Biquinis-Female-Bathing-Suits-2021-Sexy.jpg_640x640.jpg"
"1005002327027615","Black","https://ae01.alicdn.com/kf/H1b2191de13c1485f8b373939ad9cf302q/2021-Bikinis-Set-For-Women-Swimsuit-Summer-Beach-Wear-Brazilian-Biquinis-Female-Bathing-Suits-2021-Sexy.jpg_640x640.jpg"
"1005002327027615","White","https://ae01.alicdn.com/kf/H9093a09cf98d4a4fb95690c53d32709fQ/2021-Bikinis-Set-For-Women-Swimsuit-Summer-Beach-Wear-Brazilian-Biquinis-Female-Bathing-Suits-2021-Sexy.jpg_640x640.jpg"
"1005002327027615","Yellow","https://ae01.alicdn.com/kf/Hd61f2e69b3e243c7b696b38d97aab3e4G/2021-Bikinis-Set-For-Women-Swimsuit-Summer-Beach-Wear-Brazilian-Biquinis-Female-Bathing-Suits-2021-Sexy.jpg_640x640.jpg"
"1005002327027615","Green","https://ae01.alicdn.com/kf/He5e170ccbb3a4df2bf19ecb2b225a7865/2021-Bikinis-Set-For-Women-Swimsuit-Summer-Beach-Wear-Brazilian-Biquinis-Female-Bathing-Suits-2021-Sexy.jpg_640x640.jpg"
"1005002327027615","Blue","https://ae01.alicdn.com/kf/H04e517adc1ca49998a1e376fe2ec0ce1V/2021-Bikinis-Set-For-Women-Swimsuit-Summer-Beach-Wear-Brazilian-Biquinis-Female-Bathing-Suits-2021-Sexy.jpg_640x640.jpg"
"1005002327027615","Light Blue","https://ae01.alicdn.com/kf/H30c6517a87da49a6997a4517a8b1f6efs/2021-Bikinis-Set-For-Women-Swimsuit-Summer-Beach-Wear-Brazilian-Biquinis-Female-Bathing-Suits-2021-Sexy.jpg_640x640.jpg"
"1005002327027615","Light Yellow","https://ae01.alicdn.com/kf/Hb6877442239940af874ca8cc25328a68l/2021-Bikinis-Set-For-Women-Swimsuit-Summer-Beach-Wear-Brazilian-Biquinis-Female-Bathing-Suits-2021-Sexy.jpg_640x640.jpg"
"1005002327027615","Wine Red","https://ae01.alicdn.com/kf/H713b9715565645c1be2dd20649bca62aX/2021-Bikinis-Set-For-Women-Swimsuit-Summer-Beach-Wear-Brazilian-Biquinis-Female-Bathing-Suits-2021-Sexy.jpg_640x640.jpg"
"1005002327027615","Orange","https://ae01.alicdn.com/kf/H2ea33660f8a64fa98f78b14dc1c1d66fD/2021-Bikinis-Set-For-Women-Swimsuit-Summer-Beach-Wear-Brazilian-Biquinis-Female-Bathing-Suits-2021-Sexy.jpg_640x640.jpg"
"1005002327027615","Light Green","https://ae01.alicdn.com/kf/H48e5b5a1dbb44e86b89af7d1176fd9b7T/2021-Bikinis-Set-For-Women-Swimsuit-Summer-Beach-Wear-Brazilian-Biquinis-Female-Bathing-Suits-2021-Sexy.jpg_640x640.jpg"
"1005002327027615","Purple","https://ae01.alicdn.com/kf/H2df6bb5c00d143538f4091deaa50c79cK/2021-Bikinis-Set-For-Women-Swimsuit-Summer-Beach-Wear-Brazilian-Biquinis-Female-Bathing-Suits-2021-Sexy.jpg_640x640.jpg"
"1005002327027615","Red","https://ae01.alicdn.com/kf/Hf9858af19904439fab5f59e3d621c269D/2021-Bikinis-Set-For-Women-Swimsuit-Summer-Beach-Wear-Brazilian-Biquinis-Female-Bathing-Suits-2021-Sexy.jpg_640x640.jpg"
"1005002522599123","1","https://ae01.alicdn.com/kf/H1a142dc982e446b082ebb1e3af226e3bB/2021-Sexy-Flower-Print-Bikini-Women-Swimsuit-High-Waist-Female-Swimwear-One-Shoulder-Push-Up-Bikinis.jpg_640x640.jpg"
"1005002522599123","2","https://ae01.alicdn.com/kf/He50efa529d904f768aefe33f07459e27A/2021-Sexy-Flower-Print-Bikini-Women-Swimsuit-High-Waist-Female-Swimwear-One-Shoulder-Push-Up-Bikinis.jpg_640x640.jpg"
"1005002522599123","3","https://ae01.alicdn.com/kf/H3bdd57b844c24deabf1d6776d20b817cW/2021-Sexy-Flower-Print-Bikini-Women-Swimsuit-High-Waist-Female-Swimwear-One-Shoulder-Push-Up-Bikinis.jpg_640x640.jpg"
"1005002522599123","4","https://ae01.alicdn.com/kf/Hcc64efe7e3964b46b364828306294fb0Z/2021-Sexy-Flower-Print-Bikini-Women-Swimsuit-High-Waist-Female-Swimwear-One-Shoulder-Push-Up-Bikinis.jpg_640x640.jpg"
"1005002522599123","5","https://ae01.alicdn.com/kf/H548349f46b0a4953bde97725bcf6f122Y/2021-Sexy-Flower-Print-Bikini-Women-Swimsuit-High-Waist-Female-Swimwear-One-Shoulder-Push-Up-Bikinis.jpg_640x640.jpg"
"1005002350116456","Leopard","https://ae01.alicdn.com/kf/He6c7cefdaef74f0385f6be1cc4381389M/Sexy-V-shaped-Bikini-2021-New-Women-Swimsuit-Swimwear-Biquinis-Female-Wrapped-Swimsuits-Women-Bating-Suit.jpg_640x640.jpg"
"1005002350116456","Zebra Pattern","https://ae01.alicdn.com/kf/H36a1d159ff524d6c993e37f2072eab17z/Sexy-V-shaped-Bikini-2021-New-Women-Swimsuit-Swimwear-Biquinis-Female-Wrapped-Swimsuits-Women-Bating-Suit.jpg_640x640.jpg"
"1005002350116456","Black","https://ae01.alicdn.com/kf/H4df1652cf63444f583628794607049aam/Sexy-V-shaped-Bikini-2021-New-Women-Swimsuit-Swimwear-Biquinis-Female-Wrapped-Swimsuits-Women-Bating-Suit.jpg_640x640.jpg"
"1005002350116456","White","https://ae01.alicdn.com/kf/H9d5ce06643b84f219f64f4ab432e3289Y/Sexy-V-shaped-Bikini-2021-New-Women-Swimsuit-Swimwear-Biquinis-Female-Wrapped-Swimsuits-Women-Bating-Suit.jpg_640x640.jpg"
"1005002350116456","Caramel","https://ae01.alicdn.com/kf/Ha92d4c4a95554b5bb72050b1b32dbc27Z/Sexy-V-shaped-Bikini-2021-New-Women-Swimsuit-Swimwear-Biquinis-Female-Wrapped-Swimsuits-Women-Bating-Suit.jpg_640x640.jpg"
"1005002825892748","Black","https://ae01.alicdn.com/kf/H338e46a0f606429db9109ea0b7499f21P/Women-Swimsuit.jpg_640x640.jpg"
"1005002825892748","Red","https://ae01.alicdn.com/kf/Hde309b5a7aac4e98ae3955b4b28bfee3l/Women-Swimsuit.jpg_640x640.jpg"
"1005002825892748","Blue","https://ae01.alicdn.com/kf/H00c08dd2ffd9490093da1211e3cf4370G/Women-Swimsuit.jpg_640x640.jpg"
"1005002825892748","Yellow","https://ae01.alicdn.com/kf/H4f914220ac414bdab9d77b0569fff05fP/Women-Swimsuit.jpg_640x640.jpg"
"1005002825892748","Orange","https://ae01.alicdn.com/kf/H72de5c9039ed4652944be41e450d7b397/Women-Swimsuit.jpg_640x640.jpg"
"1005002320157492","Type 1 Blue","https://ae01.alicdn.com/kf/H60739e850fa543fe8702b0f2d0c5c15f8/2021-New-Print-Sport-Bikini-Set-Sexy-Women-Swimsuit-Push-Up-High-Waist-Swimwear-Women-Bathing.jpg_640x640.jpg"
"1005002320157492","Type 1 Purple","https://ae01.alicdn.com/kf/H42846fb4de2f4e648c3f41a71f80db3cT/2021-New-Print-Sport-Bikini-Set-Sexy-Women-Swimsuit-Push-Up-High-Waist-Swimwear-Women-Bathing.jpg_640x640.jpg"
"1005002320157492","Type 1 Black","https://ae01.alicdn.com/kf/H812fa88e1b01458082b8ae30bdb528ffE/2021-New-Print-Sport-Bikini-Set-Sexy-Women-Swimsuit-Push-Up-High-Waist-Swimwear-Women-Bathing.jpg_640x640.jpg"
"1005002320157492","Type 1 Orange","https://ae01.alicdn.com/kf/H7ce53bab51d248aa9f48c81315b8a647h/2021-New-Print-Sport-Bikini-Set-Sexy-Women-Swimsuit-Push-Up-High-Waist-Swimwear-Women-Bathing.jpg_640x640.jpg"
"1005002320157492","Type 1 Light Green","https://ae01.alicdn.com/kf/Hd0e18fe4a51d4f49af05575fa3eebb1ej/2021-New-Print-Sport-Bikini-Set-Sexy-Women-Swimsuit-Push-Up-High-Waist-Swimwear-Women-Bathing.jpg_640x640.jpg"
"1005002320157492","Type 1 Pink","https://ae01.alicdn.com/kf/H867342eba3a04d0b9894c8101d4cc066z/2021-New-Print-Sport-Bikini-Set-Sexy-Women-Swimsuit-Push-Up-High-Waist-Swimwear-Women-Bathing.jpg_640x640.jpg"
"1005002320157492","Type 1 Khaki","https://ae01.alicdn.com/kf/H8f447a103f1341e5b949cabd715d6f3be/2021-New-Print-Sport-Bikini-Set-Sexy-Women-Swimsuit-Push-Up-High-Waist-Swimwear-Women-Bathing.jpg_640x640.jpg"
"1005002320157492","Type 1 Colorful","https://ae01.alicdn.com/kf/Hec23a73fc489497f8b7dd93520c51abaD/2021-New-Print-Sport-Bikini-Set-Sexy-Women-Swimsuit-Push-Up-High-Waist-Swimwear-Women-Bathing.jpg_640x640.jpg"
"1005002320157492","Type 1 Red","https://ae01.alicdn.com/kf/H499d7b05fd19401c8127b30515914b02f/2021-New-Print-Sport-Bikini-Set-Sexy-Women-Swimsuit-Push-Up-High-Waist-Swimwear-Women-Bathing.jpg_640x640.jpg"
"1005002320157492","Type 1 Yellow","https://ae01.alicdn.com/kf/He455ccdce9f7462a9b69011319c7abd0R/2021-New-Print-Sport-Bikini-Set-Sexy-Women-Swimsuit-Push-Up-High-Waist-Swimwear-Women-Bathing.jpg_640x640.jpg"
"1005002320157492","Type 2 Blue","https://ae01.alicdn.com/kf/Hf969de82df924aab89041de74f7b16fa4/2021-New-Print-Sport-Bikini-Set-Sexy-Women-Swimsuit-Push-Up-High-Waist-Swimwear-Women-Bathing.jpg_640x640.jpg"
"1005002320157492","Type 2 Purple","https://ae01.alicdn.com/kf/H62b31a4f7cf4477b82384e4db19badcaC/2021-New-Print-Sport-Bikini-Set-Sexy-Women-Swimsuit-Push-Up-High-Waist-Swimwear-Women-Bathing.jpg_640x640.jpg"
"1005002320157492","Type 2 Black","https://ae01.alicdn.com/kf/He063492a6c1544d5aa642bfc0c9e0ef4N/2021-New-Print-Sport-Bikini-Set-Sexy-Women-Swimsuit-Push-Up-High-Waist-Swimwear-Women-Bathing.jpg_640x640.jpg"
"1005002320157492","Type 2 Orange","https://ae01.alicdn.com/kf/Hf6ebc699a7a141dd875258548eb412b4p/2021-New-Print-Sport-Bikini-Set-Sexy-Women-Swimsuit-Push-Up-High-Waist-Swimwear-Women-Bathing.jpg_640x640.jpg"
"1005002320157492","Type 2 Light Green","https://ae01.alicdn.com/kf/H766444e240f04ba6b98acf7547e1c014p/2021-New-Print-Sport-Bikini-Set-Sexy-Women-Swimsuit-Push-Up-High-Waist-Swimwear-Women-Bathing.jpg_640x640.jpg"
"1005002320157492","Type 2 Pink","https://ae01.alicdn.com/kf/Ha0f6eb2b064540f7855022ade5ce5f7e0/2021-New-Print-Sport-Bikini-Set-Sexy-Women-Swimsuit-Push-Up-High-Waist-Swimwear-Women-Bathing.jpg_640x640.jpg"
"1005002320157492","Type 2 Yellow","https://ae01.alicdn.com/kf/H81106eddb2cf410b928b64af88ded492S/2021-New-Print-Sport-Bikini-Set-Sexy-Women-Swimsuit-Push-Up-High-Waist-Swimwear-Women-Bathing.jpg_640x640.jpg"
"1005002320157492","Type 2 Red","https://ae01.alicdn.com/kf/H0a2a89e9b0234dc4b295fd9b8f0de194U/2021-New-Print-Sport-Bikini-Set-Sexy-Women-Swimsuit-Push-Up-High-Waist-Swimwear-Women-Bathing.jpg_640x640.jpg"
"1005002320157492","Type 2 Colorful","https://ae01.alicdn.com/kf/Hbf6ea47c4fc346e5b3c97dc17f3d6909T/2021-New-Print-Sport-Bikini-Set-Sexy-Women-Swimsuit-Push-Up-High-Waist-Swimwear-Women-Bathing.jpg_640x640.jpg"
"1005002320157492","Type 2 Khaki","https://ae01.alicdn.com/kf/Ha52f648fde234bb9b143496ed77abf53E/2021-New-Print-Sport-Bikini-Set-Sexy-Women-Swimsuit-Push-Up-High-Waist-Swimwear-Women-Bathing.jpg_640x640.jpg"
"1005002786029927","1","https://ae01.alicdn.com/kf/H98ec29eae5b74931bcee9747310d80f4w/2021-Women-Swimsuit-Sexy-Bikinis-Small-Ruffle-Female-Swimwear-High-Cut-Swimming-Suit-for-Women-Bathing.jpg_640x640.jpg"
"1005002786029927","2","https://ae01.alicdn.com/kf/Hfd5ca716f2a44b7f8787f083eab28108d/2021-Women-Swimsuit-Sexy-Bikinis-Small-Ruffle-Female-Swimwear-High-Cut-Swimming-Suit-for-Women-Bathing.jpg_640x640.jpg"
"1005002786029927","3","https://ae01.alicdn.com/kf/Ha34907caae9945f797f0f76268925d53d/2021-Women-Swimsuit-Sexy-Bikinis-Small-Ruffle-Female-Swimwear-High-Cut-Swimming-Suit-for-Women-Bathing.jpg_640x640.jpg"
"1005002786029927","4","https://ae01.alicdn.com/kf/H1197b2b5e57c4e0799aaed71be312ccaq/2021-Women-Swimsuit-Sexy-Bikinis-Small-Ruffle-Female-Swimwear-High-Cut-Swimming-Suit-for-Women-Bathing.jpg_640x640.jpg"
"1005002786029927","5","https://ae01.alicdn.com/kf/H0c90a6198ae744899a8529f7ce062823v/2021-Women-Swimsuit-Sexy-Bikinis-Small-Ruffle-Female-Swimwear-High-Cut-Swimming-Suit-for-Women-Bathing.jpg_640x640.jpg"
"1005002780780196","1","https://ae01.alicdn.com/kf/H6e314f11cf74413c8c3e22b74282d054V/Sexy-Women-Bikini-Set-Female-Swimsuit-Two-piece-V-Shape-Swimwear-Summer-Beachwear-Bather-Bathing-Suit.jpg_640x640.jpg"
"1005002780780196","2","https://ae01.alicdn.com/kf/H962ccd95365e480d96f5f81557c41653A/Sexy-Women-Bikini-Set-Female-Swimsuit-Two-piece-V-Shape-Swimwear-Summer-Beachwear-Bather-Bathing-Suit.jpg_640x640.jpg"
"1005002780780196","3","https://ae01.alicdn.com/kf/Hc5760be6cb73466eb3cd300e02fc4d63M/Sexy-Women-Bikini-Set-Female-Swimsuit-Two-piece-V-Shape-Swimwear-Summer-Beachwear-Bather-Bathing-Suit.jpg_640x640.jpg"
"1005002780780196","4","https://ae01.alicdn.com/kf/H0f06a5b121a14267816986eed1a44a38V/Sexy-Women-Bikini-Set-Female-Swimsuit-Two-piece-V-Shape-Swimwear-Summer-Beachwear-Bather-Bathing-Suit.jpg_640x640.jpg"
"1005002780780196","5","https://ae01.alicdn.com/kf/H33bbf6721cfb40a1b7bdaa5cb672f1045/Sexy-Women-Bikini-Set-Female-Swimsuit-Two-piece-V-Shape-Swimwear-Summer-Beachwear-Bather-Bathing-Suit.jpg_640x640.jpg"
"1005002780780196","6","https://ae01.alicdn.com/kf/H315a8756167e457c9e8dd8f6e81f35e4e/Sexy-Women-Bikini-Set-Female-Swimsuit-Two-piece-V-Shape-Swimwear-Summer-Beachwear-Bather-Bathing-Suit.jpg_640x640.jpg"
"1005002820947059","White","https://ae01.alicdn.com/kf/H1c6844aaeb1a43eabbd302156371348e6/Sexy-Women-Swimsuit-Bikini-Set-Padded-Bra-Hollow-Out-Female-High-Cut-Swimwear-Solid-Bathing-Suit.jpg_640x640.jpg"
"1005002820947059","Black","https://ae01.alicdn.com/kf/H873ddc6c8fa448b393b0628fd9232c08p/Sexy-Women-Swimsuit-Bikini-Set-Padded-Bra-Hollow-Out-Female-High-Cut-Swimwear-Solid-Bathing-Suit.jpg_640x640.jpg"
"1005002820947059","Wine Red","https://ae01.alicdn.com/kf/Ha484a6b7e4e04a408c68828c1bb501e98/Sexy-Women-Swimsuit-Bikini-Set-Padded-Bra-Hollow-Out-Female-High-Cut-Swimwear-Solid-Bathing-Suit.jpg_640x640.jpg"
"1005002326046093","Type 1 Red","https://ae01.alicdn.com/kf/H90e9774eead74dc6ab3ef05192a087a6D/2021-Sexy-Bikini-Women-Swimwear-Suit-Leopard-Swimsuit-Bandeau-Biquini-Female-Bathing-Swimming-Suit-Push-Up.jpg_640x640.jpg"
"1005002326046093","Type 1 Yellow","https://ae01.alicdn.com/kf/He90a4bf20fd042f6ab39eb91e441ae33z/2021-Sexy-Bikini-Women-Swimwear-Suit-Leopard-Swimsuit-Bandeau-Biquini-Female-Bathing-Swimming-Suit-Push-Up.jpg_640x640.jpg"
"1005002326046093","Type 1 Black","https://ae01.alicdn.com/kf/Hb2d912ede9bd40b59d005f99e391b9a9e/2021-Sexy-Bikini-Women-Swimwear-Suit-Leopard-Swimsuit-Bandeau-Biquini-Female-Bathing-Swimming-Suit-Push-Up.jpg_640x640.jpg"
"1005002326046093","Type 1 Blue","https://ae01.alicdn.com/kf/H256d60dce0a34bef85931910fd5bfb1an/2021-Sexy-Bikini-Women-Swimwear-Suit-Leopard-Swimsuit-Bandeau-Biquini-Female-Bathing-Swimming-Suit-Push-Up.jpg_640x640.jpg"
"1005002326046093","Type 1 Orange","https://ae01.alicdn.com/kf/Hcc05f15d8f2448d5a5b5c152c04563a9b/2021-Sexy-Bikini-Women-Swimwear-Suit-Leopard-Swimsuit-Bandeau-Biquini-Female-Bathing-Swimming-Suit-Push-Up.jpg_640x640.jpg"
"1005002326046093","Type 1 Rose Red","https://ae01.alicdn.com/kf/H7d6274094bbb4ee69e277e1f583173f11/2021-Sexy-Bikini-Women-Swimwear-Suit-Leopard-Swimsuit-Bandeau-Biquini-Female-Bathing-Swimming-Suit-Push-Up.jpg_640x640.jpg"
"1005002326046093","Type 2 Red","https://ae01.alicdn.com/kf/H2566c55b12aa4722914d2330f8369923y/2021-Sexy-Bikini-Women-Swimwear-Suit-Leopard-Swimsuit-Bandeau-Biquini-Female-Bathing-Swimming-Suit-Push-Up.jpg_640x640.jpg"
"1005002326046093","Type 2 Yellow","https://ae01.alicdn.com/kf/H8614b10a91064c6fa674b8469f74820ei/2021-Sexy-Bikini-Women-Swimwear-Suit-Leopard-Swimsuit-Bandeau-Biquini-Female-Bathing-Swimming-Suit-Push-Up.jpg_640x640.jpg"
"1005002326046093","Type 2 Black","https://ae01.alicdn.com/kf/Hf4dc4b9b7e98457499117ddf985f8e95i/2021-Sexy-Bikini-Women-Swimwear-Suit-Leopard-Swimsuit-Bandeau-Biquini-Female-Bathing-Swimming-Suit-Push-Up.jpg_640x640.jpg"
"1005002326046093","Type 2 Blue","https://ae01.alicdn.com/kf/He9695ccaaae7404dabf502fd05103c62x/2021-Sexy-Bikini-Women-Swimwear-Suit-Leopard-Swimsuit-Bandeau-Biquini-Female-Bathing-Swimming-Suit-Push-Up.jpg_640x640.jpg"
"1005002326046093","Type 2 Rose Red","https://ae01.alicdn.com/kf/H716c4e229968408785cf3c21ddac9a7fV/2021-Sexy-Bikini-Women-Swimwear-Suit-Leopard-Swimsuit-Bandeau-Biquini-Female-Bathing-Swimming-Suit-Push-Up.jpg_640x640.jpg"
"1005002326046093","Type 2 Black Blue","https://ae01.alicdn.com/kf/Hf615bd75645c4aa5be4fd192d02611f6E/2021-Sexy-Bikini-Women-Swimwear-Suit-Leopard-Swimsuit-Bandeau-Biquini-Female-Bathing-Swimming-Suit-Push-Up.jpg_640x640.jpg"
"1005002826583752","Blue","https://ae01.alicdn.com/kf/H39e7db9459774f78bc33153f4a392865o/V-bar-Bikini-Female-Swimsuit-Underwired-Women-Swimwear-Two-piece-V-shape-Wire-Bikini-set-Bather.jpg_640x640.jpg"
"1005002826583752","Black","https://ae01.alicdn.com/kf/Hfe170ba475be4799af695a1ebafbcb98x/V-bar-Bikini-Female-Swimsuit-Underwired-Women-Swimwear-Two-piece-V-shape-Wire-Bikini-set-Bather.jpg_640x640.jpg"
"1005002826583752","Red","https://ae01.alicdn.com/kf/He74fb581313740f4a49b74694bece1a4x/V-bar-Bikini-Female-Swimsuit-Underwired-Women-Swimwear-Two-piece-V-shape-Wire-Bikini-set-Bather.jpg_640x640.jpg"
"1005002826583752","Navy Green","https://ae01.alicdn.com/kf/Hc563855914af49c0ba0e4202a4ff4139A/V-bar-Bikini-Female-Swimsuit-Underwired-Women-Swimwear-Two-piece-V-shape-Wire-Bikini-set-Bather.jpg_640x640.jpg"
"1005002826583752","Light Purple","https://ae01.alicdn.com/kf/H4f9db12cf7d141aba30d382a6ce10926B/V-bar-Bikini-Female-Swimsuit-Underwired-Women-Swimwear-Two-piece-V-shape-Wire-Bikini-set-Bather.jpg_640x640.jpg"
"1005002826583752","Olive","https://ae01.alicdn.com/kf/H16cc8e789325447b8214ccda991077b1U/V-bar-Bikini-Female-Swimsuit-Underwired-Women-Swimwear-Two-piece-V-shape-Wire-Bikini-set-Bather.jpg_640x640.jpg"
"1005002826583752","Light Blue","https://ae01.alicdn.com/kf/H013a3b2934474ce883288f947a028959Y/V-bar-Bikini-Female-Swimsuit-Underwired-Women-Swimwear-Two-piece-V-shape-Wire-Bikini-set-Bather.jpg_640x640.jpg"
"1005002369526640","Brown Leopard","https://ae01.alicdn.com/kf/H1c18465ebaf14a32ba0d3a9d6d6de5efE/2021-Hot-Sale-Women-Swimsuit-Sexy-Print-Three-Piece-Bikini-Swimwear-Female-Biquini-Brazilian-Bathing-Suit.jpg_640x640.jpg"
"1005002369526640","Blue Leopard","https://ae01.alicdn.com/kf/H8ceef3919ba04e899d55b34cff13d794d/2021-Hot-Sale-Women-Swimsuit-Sexy-Print-Three-Piece-Bikini-Swimwear-Female-Biquini-Brazilian-Bathing-Suit.jpg_640x640.jpg"
"1005002339150968","Black","https://ae01.alicdn.com/kf/H17dd9b133e304eefb8d34d8ec42d0d46V/New-Sexy-Bikini-Set-Women-Swimsuit-High-Waisted-Bathing-Suits-Swim-Halter-Push-Up-Bikinis-Set.jpg_640x640.jpg"
"1005002339150968","Orange","https://ae01.alicdn.com/kf/H0465b684cbd74f33aadba44f211ed019V/New-Sexy-Bikini-Set-Women-Swimsuit-High-Waisted-Bathing-Suits-Swim-Halter-Push-Up-Bikinis-Set.jpg_640x640.jpg"
"1005002339150968","Yellow","https://ae01.alicdn.com/kf/Hf2a50465613c49b89a00a24586bb274eL/New-Sexy-Bikini-Set-Women-Swimsuit-High-Waisted-Bathing-Suits-Swim-Halter-Push-Up-Bikinis-Set.jpg_640x640.jpg"
"1005002339150968","White","https://ae01.alicdn.com/kf/H40c2c43efa464e7fb284c94f8fc516478/New-Sexy-Bikini-Set-Women-Swimsuit-High-Waisted-Bathing-Suits-Swim-Halter-Push-Up-Bikinis-Set.jpg_640x640.jpg"
"1005002339150968","Pink","https://ae01.alicdn.com/kf/H198a8458022c4e5ab8de359aa4cbb2ear/New-Sexy-Bikini-Set-Women-Swimsuit-High-Waisted-Bathing-Suits-Swim-Halter-Push-Up-Bikinis-Set.jpg_640x640.jpg"
"1005002339150968","Green","https://ae01.alicdn.com/kf/H6c0badfb9b1845a3a6c2b82da0ff7a5eY/New-Sexy-Bikini-Set-Women-Swimsuit-High-Waisted-Bathing-Suits-Swim-Halter-Push-Up-Bikinis-Set.jpg_640x640.jpg"
"1005002339150968","Purple","https://ae01.alicdn.com/kf/H0f27036bcd954a3eac6ac8d9f312b8126/New-Sexy-Bikini-Set-Women-Swimsuit-High-Waisted-Bathing-Suits-Swim-Halter-Push-Up-Bikinis-Set.jpg_640x640.jpg"
"1005002339150968","Grey Blue","https://ae01.alicdn.com/kf/H91d26b3768f0473a9d5bee5059d89785d/New-Sexy-Bikini-Set-Women-Swimsuit-High-Waisted-Bathing-Suits-Swim-Halter-Push-Up-Bikinis-Set.jpg_640x640.jpg"
"1005002509162167","Blue","https://ae01.alicdn.com/kf/H7e0debf0c2a24b3680d33ce45d19ece78/2021-Women-Swimsuit-High-Waist-Bikini-Set-Sport-Female-Swimwear-Bating-Suit-Beachwear-Biquini-Mujer-New.jpg_640x640.jpg"
"1005002509162167","Red","https://ae01.alicdn.com/kf/H53f2837a15524ff1a3bb5dbb0c89fdae9/2021-Women-Swimsuit-High-Waist-Bikini-Set-Sport-Female-Swimwear-Bating-Suit-Beachwear-Biquini-Mujer-New.jpg_640x640.jpg"
"1005002509162167","Orange","https://ae01.alicdn.com/kf/Haa2782da7252472ba5597528dbdb5e47w/2021-Women-Swimsuit-High-Waist-Bikini-Set-Sport-Female-Swimwear-Bating-Suit-Beachwear-Biquini-Mujer-New.jpg_640x640.jpg"
"1005002509162167","Navy","https://ae01.alicdn.com/kf/H87215433692e412cbbb6f3387769ceb2T/2021-Women-Swimsuit-High-Waist-Bikini-Set-Sport-Female-Swimwear-Bating-Suit-Beachwear-Biquini-Mujer-New.jpg_640x640.jpg"
"1005002509162167","Sky Blue","https://ae01.alicdn.com/kf/H40e6f772d973495191c397f62b12d65eu/2021-Women-Swimsuit-High-Waist-Bikini-Set-Sport-Female-Swimwear-Bating-Suit-Beachwear-Biquini-Mujer-New.jpg_640x640.jpg"
"1005002509162167","Khaki","https://ae01.alicdn.com/kf/H66e0e062072146408de2be1373fa1bc5l/2021-Women-Swimsuit-High-Waist-Bikini-Set-Sport-Female-Swimwear-Bating-Suit-Beachwear-Biquini-Mujer-New.jpg_640x640.jpg"
"1005002509162167","Dark Grey","https://ae01.alicdn.com/kf/H7d2237e0c5a647e2b72f8cdce79d25d4E/2021-Women-Swimsuit-High-Waist-Bikini-Set-Sport-Female-Swimwear-Bating-Suit-Beachwear-Biquini-Mujer-New.jpg_640x640.jpg"
"1005002820713366","Red","https://ae01.alicdn.com/kf/H0659336b6ba94386b0ebb498fa8c53f4p/One-piece-Women-Swimsuit-2021-Bikini-High-Waist-Adjustable-Swimwear-Female-Biquini-Summer-Bathing-Suit.jpg_640x640.jpg"
"1005002820713366","Pink","https://ae01.alicdn.com/kf/Hd9e32d7b71c24daf8c38f538b0c81811j/One-piece-Women-Swimsuit-2021-Bikini-High-Waist-Adjustable-Swimwear-Female-Biquini-Summer-Bathing-Suit.jpg_640x640.jpg"
"1005002827192832","Orange","https://ae01.alicdn.com/kf/H97b49b606fbd44b082522c12488e8347k/Strapless-Bikini-Sexy-Women-Swimsuit-Solid-Low-Waist-Female-Biquini-Brazilian-Summer-Beachwear-Bathing-Suit.jpg_640x640.jpg"
"1005002827192832","Black","https://ae01.alicdn.com/kf/Hdc2c815f9cf5489f816de9ebe8617eb9b/Strapless-Bikini-Sexy-Women-Swimsuit-Solid-Low-Waist-Female-Biquini-Brazilian-Summer-Beachwear-Bathing-Suit.jpg_640x640.jpg"
"1005002827192832","White","https://ae01.alicdn.com/kf/He36e4f04924f4fdf864c527fc168cc93X/Strapless-Bikini-Sexy-Women-Swimsuit-Solid-Low-Waist-Female-Biquini-Brazilian-Summer-Beachwear-Bathing-Suit.jpg_640x640.jpg"
"1005002827192832","Pink","https://ae01.alicdn.com/kf/Hc0bc30ef07c647a3af795404aac5ee4ec/Strapless-Bikini-Sexy-Women-Swimsuit-Solid-Low-Waist-Female-Biquini-Brazilian-Summer-Beachwear-Bathing-Suit.jpg_640x640.jpg"
"1005002826956299","Red","https://ae01.alicdn.com/kf/H748dca54cd384b5d8d6da05024219a71c/Sexy-Long-String-Women-Swimsuit-2021-Ruffle-Bikini-Set-Cross-Tied-Swimwear-Female-Bathing-Suit-Swim.jpg_640x640.jpg"
"1005002826956299","Black","https://ae01.alicdn.com/kf/Hf53141ee88a946c88a1faef00f469520X/Sexy-Long-String-Women-Swimsuit-2021-Ruffle-Bikini-Set-Cross-Tied-Swimwear-Female-Bathing-Suit-Swim.jpg_640x640.jpg"
"1005002826956299","Green","https://ae01.alicdn.com/kf/H0f403a94fbd34a44ae9bc09e860d8b92P/Sexy-Long-String-Women-Swimsuit-2021-Ruffle-Bikini-Set-Cross-Tied-Swimwear-Female-Bathing-Suit-Swim.jpg_640x640.jpg"
"1005002826956299","White","https://ae01.alicdn.com/kf/H0e565e968690431a9aaf06c8139e4890l/Sexy-Long-String-Women-Swimsuit-2021-Ruffle-Bikini-Set-Cross-Tied-Swimwear-Female-Bathing-Suit-Swim.jpg_640x640.jpg"
"1005002363824951","Pink","https://ae01.alicdn.com/kf/Hd79990f4cf654c4c8775bf6a53267e9cR/2021-Bling-Women-Swimsuit-Sexy-Split-Bikini-Set-Push-Up-Swimwear-Biquini-Femme-Bathing-Suit-Thong.jpg_640x640.jpg"
"1005002363824951","Rose Red","https://ae01.alicdn.com/kf/H7014124ef45d46dc958eeb20be635f71v/2021-Bling-Women-Swimsuit-Sexy-Split-Bikini-Set-Push-Up-Swimwear-Biquini-Femme-Bathing-Suit-Thong.jpg_640x640.jpg"
"1005002363824951","Gold","https://ae01.alicdn.com/kf/Hc562757a805c46beaabd76e1751314ecF/2021-Bling-Women-Swimsuit-Sexy-Split-Bikini-Set-Push-Up-Swimwear-Biquini-Femme-Bathing-Suit-Thong.jpg_640x640.jpg"
"1005002363824951","Purple","https://ae01.alicdn.com/kf/H27b92bb697f7406f9c9d41486ed580c7D/2021-Bling-Women-Swimsuit-Sexy-Split-Bikini-Set-Push-Up-Swimwear-Biquini-Femme-Bathing-Suit-Thong.jpg_640x640.jpg"
"1005002352710017","Type 1 Leopard","https://ae01.alicdn.com/kf/H51dca798a0fd4386bedeaf0fce892222m/2021-Women-Swimsuit-Bikini-High-Waist-Female-Swimsuits-Sexy-Leopard-Swimwear-Push-Up-Brazilian-Biquinis-Set.jpg_640x640.jpg"
"1005002352710017","Type 1 Snakeskin","https://ae01.alicdn.com/kf/H4a6e3f5cf04744df84704e705d063852R/2021-Women-Swimsuit-Bikini-High-Waist-Female-Swimsuits-Sexy-Leopard-Swimwear-Push-Up-Brazilian-Biquinis-Set.jpg_640x640.jpg"
"1005002352710017","Type 1 Black","https://ae01.alicdn.com/kf/Hdd636249b4db4e948a676fafcb894df8g/2021-Women-Swimsuit-Bikini-High-Waist-Female-Swimsuits-Sexy-Leopard-Swimwear-Push-Up-Brazilian-Biquinis-Set.jpg_640x640.jpg"
"1005002352710017","Type 1 Dark Blue","https://ae01.alicdn.com/kf/H07bcc74e431c4bfbb7c9e65242aa681dq/2021-Women-Swimsuit-Bikini-High-Waist-Female-Swimsuits-Sexy-Leopard-Swimwear-Push-Up-Brazilian-Biquinis-Set.jpg_640x640.jpg"
"1005002352710017","Type 1 Orange","https://ae01.alicdn.com/kf/Hd372244e349940319ac2cdec08c5c16aI/2021-Women-Swimsuit-Bikini-High-Waist-Female-Swimsuits-Sexy-Leopard-Swimwear-Push-Up-Brazilian-Biquinis-Set.jpg_640x640.jpg"
"1005002352710017","Type 1 Green","https://ae01.alicdn.com/kf/H6c6247968d294ed6a092233f32b03900c/2021-Women-Swimsuit-Bikini-High-Waist-Female-Swimsuits-Sexy-Leopard-Swimwear-Push-Up-Brazilian-Biquinis-Set.jpg_640x640.jpg"
"1005002352710017","Type 1 Pink","https://ae01.alicdn.com/kf/He55ddd08cbe645b5b0c3e9c68f5f24832/2021-Women-Swimsuit-Bikini-High-Waist-Female-Swimsuits-Sexy-Leopard-Swimwear-Push-Up-Brazilian-Biquinis-Set.jpg_640x640.jpg"
"1005002352710017","Type 1 Blue","https://ae01.alicdn.com/kf/Habc061210de54c738d318e86e6a1a5e85/2021-Women-Swimsuit-Bikini-High-Waist-Female-Swimsuits-Sexy-Leopard-Swimwear-Push-Up-Brazilian-Biquinis-Set.jpg_640x640.jpg"
"1005002352710017","Type 2 Leopard","https://ae01.alicdn.com/kf/H6b2f6fdf3ba34678b01b76ed9152ab39S/2021-Women-Swimsuit-Bikini-High-Waist-Female-Swimsuits-Sexy-Leopard-Swimwear-Push-Up-Brazilian-Biquinis-Set.jpg_640x640.jpg"
"1005002352710017","Type 2 Black White","https://ae01.alicdn.com/kf/H334bd1a054e94a80b3776e57d1b58ba1H/2021-Women-Swimsuit-Bikini-High-Waist-Female-Swimsuits-Sexy-Leopard-Swimwear-Push-Up-Brazilian-Biquinis-Set.jpg_640x640.jpg"
"1005002352710017","Type 3 Leopard","https://ae01.alicdn.com/kf/H640ae02b5e8f4ad48bc45d3b51fafee8i/2021-Women-Swimsuit-Bikini-High-Waist-Female-Swimsuits-Sexy-Leopard-Swimwear-Push-Up-Brazilian-Biquinis-Set.jpg_640x640.jpg"
"1005002352710017","Type 3 Red","https://ae01.alicdn.com/kf/Hac217fa80c1f4f6c90c4271c4b5f200cr/2021-Women-Swimsuit-Bikini-High-Waist-Female-Swimsuits-Sexy-Leopard-Swimwear-Push-Up-Brazilian-Biquinis-Set.jpg_640x640.jpg"
"1005002372678535","Blue Striped","https://ae01.alicdn.com/kf/Hc1780e8dbe704d67addf164f12f7148fE/High-Waist-Sexy-Striped-Bikini-2021-New-Female-Swimsuit-Ladies-Swimwear-Two-Piece-Bikini-Suit-Swimsuit.jpg_640x640.jpg"
"1005002372678535","Pinked Striped","https://ae01.alicdn.com/kf/H5b9d079eaaec486bb3fefdfacbf3a66fz/High-Waist-Sexy-Striped-Bikini-2021-New-Female-Swimsuit-Ladies-Swimwear-Two-Piece-Bikini-Suit-Swimsuit.jpg_640x640.jpg"
"1005002372678535","Red Striped","https://ae01.alicdn.com/kf/Hba1e8135bb714b1f8ef1837aebcdf061b/High-Waist-Sexy-Striped-Bikini-2021-New-Female-Swimsuit-Ladies-Swimwear-Two-Piece-Bikini-Suit-Swimsuit.jpg_640x640.jpg"
"1005002372678535","Yellow Striped","https://ae01.alicdn.com/kf/Hef10508378d84698abf3b8511357667fv/High-Waist-Sexy-Striped-Bikini-2021-New-Female-Swimsuit-Ladies-Swimwear-Two-Piece-Bikini-Suit-Swimsuit.jpg_640x640.jpg"
